city,links
北京,http://bj.58.com/
上海,http://sh.58.com/
广州,http://gz.58.com/
深圳,http://sz.58.com/
成都,http://cd.58.com/
杭州,http://hz.58.com/
南京,http://nj.58.com/
天津,http://tj.58.com/
武汉,http://wh.58.com/
重庆,http://cq.58.com/
青岛,http://qd.58.com/
济南,http://jn.58.com/
烟台,http://yt.58.com/
潍坊,http://wf.58.com/
临沂,http://linyi.58.com/
淄博,http://zb.58.com/
济宁,http://jining.58.com/
泰安,http://ta.58.com/
聊城,http://lc.58.com/
威海,http://weihai.58.com/
枣庄,http://zaozhuang.58.com/
德州,http://dz.58.com/
日照,http://rizhao.58.com/
东营,http://dy.58.com/
菏泽,http://heze.58.com/
滨州,http://bz.58.com/
莱芜,http://lw.58.com/
章丘,http://zhangqiu.58.com/
垦利,http://kl.58.com/
诸城,http://zc.58.com/
寿光,http://shouguang.58.com/
苏州,http://su.58.com/
南京,http://nj.58.com/
无锡,http://wx.58.com/
常州,http://cz.58.com/
徐州,http://xz.58.com/
南通,http://nt.58.com/
扬州,http://yz.58.com/
盐城,http://yancheng.58.com/
淮安,http://ha.58.com/
连云港,http://lyg.58.com/
泰州,http://taizhou.58.com/
宿迁,http://suqian.58.com/
镇江,http://zj.58.com/
沭阳,http://shuyang.58.com/
大丰,http://dafeng.58.com/
如皋,http://rugao.58.com/
启东,http://qidong.58.com/
溧阳,http://liyang.58.com/
海门,http://haimen.58.com/
东海,http://donghai.58.com/
扬中,http://yangzhong.58.com/
兴化,http://xinghuashi.58.com/
新沂,http://xinyishi.58.com/
泰兴,http://taixing.58.com/
如东,http://rudong.58.com/
邳州,http://pizhou.58.com/
沛县,http://xzpeixian.58.com/
靖江,http://jingjiang.58.com/
建湖,http://jianhu.58.com/
海安,http://haian.58.com/
东台,http://dongtai.58.com/
丹阳,http://danyang.58.com/
杭州,http://hz.58.com/
宁波,http://nb.58.com/
温州,http://wz.58.com/
金华,http://jh.58.com/
嘉兴,http://jx.58.com/
台州,http://tz.58.com/
绍兴,http://sx.58.com/
湖州,http://huzhou.58.com/
丽水,http://lishui.58.com/
衢州,http://quzhou.58.com/
舟山,http://zhoushan.58.com/
乐清,http://yueqingcity.58.com/
瑞安,http://ruiancity.58.com/
义乌,http://yiwu.58.com/
余姚,http://yuyao.58.com/
诸暨,http://zhuji.58.com/
象山,http://xiangshanxian.58.com/
温岭,http://wenling.58.com/
桐乡,http://tongxiang.58.com/
慈溪,http://cixi.58.com/
长兴,http://changxing.58.com/
嘉善,http://jiashanx.58.com/
海宁,http://haining.58.com/
德清,http://deqing.58.com/
合肥,http://hf.58.com/
芜湖,http://wuhu.58.com/
蚌埠,http://bengbu.58.com/
阜阳,http://fy.58.com/
淮南,http://hn.58.com/
安庆,http://anqing.58.com/
宿州,http://suzhou.58.com/
六安,http://la.58.com/
淮北,http://huaibei.58.com/
滁州,http://chuzhou.58.com/
马鞍山,http://mas.58.com/
铜陵,http://tongling.58.com/
宣城,http://xuancheng.58.com/
亳州,http://bozhou.58.com/
黄山,http://huangshan.58.com/
池州,http://chizhou.58.com/
巢湖,http://ch.58.com/
和县,http://hexian.58.com/
霍邱,http://hq.58.com/
桐城,http://tongcheng.58.com/
宁国,http://ningguo.58.com/
天长,http://tianchang.58.com/
深圳,http://sz.58.com/
广州,http://gz.58.com/
东莞,http://dg.58.com/
佛山,http://fs.58.com/
中山,http://zs.58.com/
珠海,http://zh.58.com/
惠州,http://huizhou.58.com/
江门,http://jm.58.com/
汕头,http://st.58.com/
湛江,http://zhanjiang.58.com/
肇庆,http://zq.58.com/
茂名,http://mm.58.com/
揭阳,http://jy.58.com/
梅州,http://mz.58.com/
清远,http://qingyuan.58.com/
阳江,http://yj.58.com/
韶关,http://sg.58.com/
河源,http://heyuan.58.com/
云浮,http://yf.58.com/
汕尾,http://sw.58.com/
潮州,http://chaozhou.58.com/
台山,http://taishan.58.com/
阳春,http://yangchun.58.com/
顺德,http://sd.58.com/
惠东,http://huidong.58.com/
博罗,http://boluo.58.com/
福州,http://fz.58.com/
厦门,http://xm.58.com/
泉州,http://qz.58.com/
莆田,http://pt.58.com/
漳州,http://zhangzhou.58.com/
宁德,http://nd.58.com/
三明,http://sm.58.com/
南平,http://np.58.com/
龙岩,http://ly.58.com/
武夷山,http://wuyishan.58.com/
石狮,http://shishi.58.com/
晋江,http://jinjiangshi.58.com/
南安,http://nananshi.58.com/
南宁,http://nn.58.com/
柳州,http://liuzhou.58.com/
桂林,http://gl.58.com/
玉林,http://yulin.58.com/
梧州,http://wuzhou.58.com/
北海,http://bh.58.com/
贵港,http://gg.58.com/
钦州,http://qinzhou.58.com/
百色,http://baise.58.com/
河池,http://hc.58.com/
来宾,http://lb.58.com/
贺州,http://hezhou.58.com/
防城港,http://fcg.58.com/
崇左,http://chongzuo.58.com/
海口,http://haikou.58.com/
三亚,http://sanya.58.com/
五指山,http://wzs.58.com/
三沙,http://sansha.58.com/
琼海,http://qh.58.com/
文昌,http://wenchang.58.com/
万宁,http://wanning.58.com/
屯昌,http://tunchang.58.com/
琼中,http://qiongzhong.58.com/
陵水,http://lingshui.58.com/
东方,http://df.58.com/
定安,http://da.58.com/
澄迈,http://cm.58.com/
保亭,http://baoting.58.com/
白沙,http://baish.58.com/
儋州,http://danzhou.58.com/
郑州,http://zz.58.com/
洛阳,http://luoyang.58.com/
新乡,http://xx.58.com/
南阳,http://ny.58.com/
许昌,http://xc.58.com/
平顶山,http://pds.58.com/
安阳,http://ay.58.com/
焦作,http://jiaozuo.58.com/
商丘,http://sq.58.com/
开封,http://kaifeng.58.com/
濮阳,http://puyang.58.com/
周口,http://zk.58.com/
信阳,http://xy.58.com/
驻马店,http://zmd.58.com/
漯河,http://luohe.58.com/
三门峡,http://smx.58.com/
鹤壁,http://hb.58.com/
济源,http://jiyuan.58.com/
明港,http://mg.58.com/
鄢陵,http://yanling.58.com/
禹州,http://yuzhou.58.com/
长葛,http://changge.58.com/
武汉,http://wh.58.com/
宜昌,http://yc.58.com/
襄阳,http://xf.58.com/
荆州,http://jingzhou.58.com/
十堰,http://shiyan.58.com/
黄石,http://hshi.58.com/
孝感,http://xiaogan.58.com/
黄冈,http://hg.58.com/
恩施,http://es.58.com/
荆门,http://jingmen.58.com/
咸宁,http://xianning.58.com/
鄂州,http://ez.58.com/
随州,http://suizhou.58.com/
潜江,http://qianjiang.58.com/
天门,http://tm.58.com/
仙桃,http://xiantao.58.com/
神农架,http://snj.58.com/
宜都,http://yidou.58.com/
长沙,http://cs.58.com/
株洲,http://zhuzhou.58.com/
益阳,http://yiyang.58.com/
常德,http://changde.58.com/
衡阳,http://hy.58.com/
湘潭,http://xiangtan.58.com/
岳阳,http://yy.58.com/
郴州,http://chenzhou.58.com/
邵阳,http://shaoyang.58.com/
怀化,http://hh.58.com/
永州,http://yongzhou.58.com/
娄底,http://ld.58.com/
湘西,http://xiangxi.58.com/
张家界,http://zjj.58.com/
南昌,http://nc.58.com/
赣州,http://ganzhou.58.com/
九江,http://jj.58.com/
宜春,http://yichun.58.com/
吉安,http://ja.58.com/
上饶,http://sr.58.com/
萍乡,http://px.58.com/
抚州,http://fuzhou.58.com/
景德镇,http://jdz.58.com/
新余,http://xinyu.58.com/
鹰潭,http://yingtan.58.com/
永新,http://yxx.58.com/
沈阳,http://sy.58.com/
大连,http://dl.58.com/
鞍山,http://as.58.com/
锦州,http://jinzhou.58.com/
抚顺,http://fushun.58.com/
营口,http://yk.58.com/
盘锦,http://pj.58.com/
朝阳,http://cy.58.com/
丹东,http://dandong.58.com/
辽阳,http://liaoyang.58.com/
本溪,http://benxi.58.com/
葫芦岛,http://hld.58.com/
铁岭,http://tl.58.com/
阜新,http://fx.58.com/
庄河,http://pld.58.com/
瓦房店,http://wfd.58.com/
哈尔滨,http://hrb.58.com/
大庆,http://dq.58.com/
齐齐哈尔,http://qqhr.58.com/
牡丹江,http://mdj.58.com/
绥化,http://suihua.58.com/
佳木斯,http://jms.58.com/
鸡西,http://jixi.58.com/
双鸭山,http://sys.58.com/
鹤岗,http://hegang.58.com/
黑河,http://heihe.58.com/
伊春,http://yich.58.com/
七台河,http://qth.58.com/
大兴安岭,http://dxal.58.com/
长春,http://cc.58.com/
吉林,http://jl.58.com/
四平,http://sp.58.com/
延边,http://yanbian.58.com/
松原,http://songyuan.58.com/
白城,http://bc.58.com/
通化,http://th.58.com/
白山,http://baishan.58.com/
辽源,http://liaoyuan.58.com/
成都,http://cd.58.com/
绵阳,http://mianyang.58.com/
德阳,http://deyang.58.com/
南充,http://nanchong.58.com/
宜宾,http://yb.58.com/
自贡,http://zg.58.com/
乐山,http://ls.58.com/
泸州,http://luzhou.58.com/
达州,http://dazhou.58.com/
内江,http://scnj.58.com/
遂宁,http://suining.58.com/
攀枝花,http://panzhihua.58.com/
眉山,http://ms.58.com/
广安,http://ga.58.com/
资阳,http://zy.58.com/
凉山,http://liangshan.58.com/
广元,http://guangyuan.58.com/
雅安,http://ya.58.com/
巴中,http://bazhong.58.com/
阿坝,http://ab.58.com/
甘孜,http://ganzi.58.com/
昆明,http://km.58.com/
曲靖,http://qj.58.com/
大理,http://dali.58.com/
红河,http://honghe.58.com/
玉溪,http://yx.58.com/
丽江,http://lj.58.com/
文山,http://ws.58.com/
楚雄,http://cx.58.com/
西双版纳,http://bn.58.com/
昭通,http://zt.58.com/
德宏,http://dh.58.com/
普洱,http://pe.58.com/
保山,http://bs.58.com/
临沧,http://lincang.58.com/
迪庆,http://diqing.58.com/
怒江,http://nujiang.58.com/
贵阳,http://gy.58.com/
遵义,http://zunyi.58.com/
黔东南,http://qdn.58.com/
黔南,http://qn.58.com/
六盘水,http://lps.58.com/
毕节,http://bijie.58.com/
铜仁,http://tr.58.com/
安顺,http://anshun.58.com/
黔西南,http://qxn.58.com/
拉萨,http://lasa.58.com/
日喀则,http://rkz.58.com/
山南,http://sn.58.com/
林芝,http://linzhi.58.com/
昌都,http://changdu.58.com/
那曲,http://nq.58.com/
阿里,http://al.58.com/
日土,http://rituxian.58.com/
改则,http://gaizexian.58.com/
石家庄,http://sjz.58.com/
保定,http://bd.58.com/
唐山,http://ts.58.com/
廊坊,http://lf.58.com/
邯郸,http://hd.58.com/
秦皇岛,http://qhd.58.com/
沧州,http://cangzhou.58.com/
邢台,http://xt.58.com/
衡水,http://hs.58.com/
张家口,http://zjk.58.com/
承德,http://chengde.58.com/
定州,http://dingzhou.58.com/
馆陶,http://gt.58.com/
张北,http://zhangbei.58.com/
赵县,http://zx.58.com/
正定,http://zd.58.com/
太原,http://ty.58.com/
临汾,http://linfen.58.com/
大同,http://dt.58.com/
运城,http://yuncheng.58.com/
晋中,http://jz.58.com/
长治,http://changzhi.58.com/
晋城,http://jincheng.58.com/
阳泉,http://yq.58.com/
吕梁,http://lvliang.58.com/
忻州,http://xinzhou.58.com/
朔州,http://shuozhou.58.com/
临猗,http://linyixian.58.com/
清徐,http://qingxu.58.com/
呼和浩特,http://hu.58.com/
包头,http://bt.58.com/
赤峰,http://chifeng.58.com/
鄂尔多斯,http://erds.58.com/
通辽,http://tongliao.58.com/
呼伦贝尔,http://hlbe.58.com/
巴彦淖尔市,http://bycem.58.com/
乌兰察布,http://wlcb.58.com/
锡林郭勒,http://xl.58.com/
兴安盟,http://xam.58.com/
乌海,http://wuhai.58.com/
阿拉善盟,http://alsm.58.com/
海拉尔,http://hlr.58.com/
西安,http://xa.58.com/
咸阳,http://xianyang.58.com/
宝鸡,http://baoji.58.com/
渭南,http://wn.58.com/
汉中,http://hanzhong.58.com/
榆林,http://yl.58.com/
延安,http://yanan.58.com/
安康,http://ankang.58.com/
商洛,http://sl.58.com/
铜川,http://tc.58.com/
乌鲁木齐,http://xj.58.com/
昌吉,http://changji.58.com/
巴音郭楞,http://bygl.58.com/
伊犁,http://yili.58.com/
阿克苏,http://aks.58.com/
喀什,http://ks.58.com/
哈密,http://hami.58.com/
克拉玛依,http://klmy.58.com/
博尔塔拉,http://betl.58.com/
吐鲁番,http://tlf.58.com/
和田,http://ht.58.com/
石河子,http://shz.58.com/
克孜勒苏,http://kzls.58.com/
阿拉尔,http://ale.58.com/
五家渠,http://wjq.58.com/
图木舒克,http://tmsk.58.com/
库尔勒,http://kel.58.com/
阿勒泰,http://alt.58.com/
塔城,http://tac.58.com/
兰州,http://lz.58.com/
天水,http://tianshui.58.com/
白银,http://by.58.com/
庆阳,http://qingyang.58.com/
平凉,http://pl.58.com/
酒泉,http://jq.58.com/
张掖,http://zhangye.58.com/
武威,http://wuwei.58.com/
定西,http://dx.58.com/
金昌,http://jinchang.58.com/
陇南,http://ln.58.com/
临夏,http://linxia.58.com/
嘉峪关,http://jyg.58.com/
甘南,http://gn.58.com/
银川,http://yinchuan.58.com/
吴忠,http://wuzhong.58.com/
石嘴山,http://szs.58.com/
中卫,http://zw.58.com/
固原,http://guyuan.58.com/
西宁,http://xn.58.com/
海西,http://hx.58.com/
海北,http://haibei.58.com/
果洛,http://guoluo.58.com/
海东,http://haidong.58.com/
黄南,http://huangnan.58.com/
玉树,http://ys.58.com/
海南,http://hainan.58.com/
香港,http://hk.58.com/
澳门,http://am.58.com/
台湾,http://tw.58.com/
全国,http://quanguo.58.com/
其他,http://cn.58.com/
洛杉矶,http://g.58.com/j-gllosangeles/
旧金山,http://g.58.com/j-glsanfrancisco/
纽约,http://g.58.com/j-glnewyork/
多伦多,http://g.58.com/j-gltoronto/
温哥华,http://g.58.com/j-glvancouver/
伦敦,http://g.58.com/j-glgreaterlondon/
莫斯科,http://g.58.com/j-glmoscow/
首尔,http://g.58.com/j-glseoul/
东京,http://g.58.com/j-gltokyo/
新加坡,http://g.58.com/j-glsingapore/
曼谷,http://g.58.com/j-glbangkok/
清迈,http://g.58.com/j-glchiangmai/
迪拜,http://g.58.com/j-gldubai/
奥克兰,http://g.58.com/j-glauckland/
悉尼,http://g.58.com/j-glsydney/
墨尔本,http://g.58.com/j-glmelbourne/
其他海外城市,http://g.58.com/city
